file,strategy,pnl_pct,pnl_abs,sharpe,sortino,calmar,max_drawdown,time_to_recovery,VaR,CVaR,trades
C:\windows bot\moex_bot\data\SBER_hour_90d.csv,lstm_predict,0.7894793403181182,789479.3403181182,1.8720920385744115,3.050835394908285,3.673655852098353,-0.02350762382521332,60,0.0025710294048416284,0.004025688834473551,174
C:\windows bot\moex_bot\data\SBER_hour_90d.csv,bollinger_bands,0.20110107020835066,201101.07020835066,0.6034123445794123,0.8042981803813962,0.3965336641667862,-0.07037619707944742,315,0.0027909664965482077,0.004939648921769927,40
C:\windows bot\moex_bot\data\SBER_hour_90d.csv,rsi,0.150736243013311,150736.243013311,0.4674772525287189,0.6575159224027255,0.42323443663880894,-0.05109712286531165,447,0.002899793005569614,0.004882832969755214,36
