,lstm_predict,bollinger_bands,rsi
lstm_predict,1.0,0.5419764799223037,0.5635402936043488
bollinger_bands,0.5419764799223037,1.0,0.7085935585225447
rsi,0.5635402936043488,0.7085935585225447,1.0
